date,timestamp,year,month,count
1910-1,1910-01-01T00:00:00Z,1910,Jan,1
1910-6,1910-06-01T00:00:00Z,1910,June,1
1920-6,1920-06-01T00:00:00Z,1920,June,1
1925-12,1925-12-01T00:00:00Z,1925,Dec,1
1929-7,1929-07-01T00:00:00Z,1929,July,1
1931-2,1931-02-01T00:00:00Z,1931,Feb,1
1931-6,1931-06-01T00:00:00Z,1931,June,1
1934-9,1934-09-01T00:00:00Z,1934,Sept,1
1936-10,1936-10-01T00:00:00Z,1936,Oct,1
1937-6,1937-06-01T00:00:00Z,1937,June,1
1937-8,1937-08-01T00:00:00Z,1937,Aug,1
1939-6,1939-06-01T00:00:00Z,1939,June,2
1939-7,1939-07-01T00:00:00Z,1939,July,1
1941-6,1941-06-01T00:00:00Z,1941,June,1
1942-6,1942-06-01T00:00:00Z,1942,June,1
1942-7,1942-07-01T00:00:00Z,1942,July,1
1943-10,1943-10-01T00:00:00Z,1943,Oct,1
1944-1,1944-01-01T00:00:00Z,1944,Jan,1
1944-4,1944-04-01T00:00:00Z,1944,April,1
1944-6,1944-06-01T00:00:00Z,1944,June,1
1945-6,1945-06-01T00:00:00Z,1945,June,2
1945-7,1945-07-01T00:00:00Z,1945,July,2
1945-8,1945-08-01T00:00:00Z,1945,Aug,2
1945-12,1945-12-01T00:00:00Z,1945,Dec,1
1946-1,1946-01-01T00:00:00Z,1946,Jan,1
1946-2,1946-02-01T00:00:00Z,1946,Feb,1
1946-3,1946-03-01T00:00:00Z,1946,Mar,1
1946-6,1946-06-01T00:00:00Z,1946,June,2
1946-7,1946-07-01T00:00:00Z,1946,July,1
1946-9,1946-09-01T00:00:00Z,1946,Sept,2
1947-1,1947-01-01T00:00:00Z,1947,Jan,1
1947-2,1947-02-01T00:00:00Z,1947,Feb,1
1947-4,1947-04-01T00:00:00Z,1947,April,1
1947-6,1947-06-01T00:00:00Z,1947,June,10
1947-7,1947-07-01T00:00:00Z,1947,July,16
1947-8,1947-08-01T00:00:00Z,1947,Aug,3
1947-12,1947-12-01T00:00:00Z,1947,Dec,1
1948-5,1948-05-01T00:00:00Z,1948,May,1
1948-6,1948-06-01T00:00:00Z,1948,June,2
1948-7,1948-07-01T00:00:00Z,1948,July,1
1948-8,1948-08-01T00:00:00Z,1948,Aug,2
1948-12,1948-12-01T00:00:00Z,1948,Dec,1
1949-4,1949-04-01T00:00:00Z,1949,April,1
1949-5,1949-05-01T00:00:00Z,1949,May,2
1949-6,1949-06-01T00:00:00Z,1949,June,2
1949-7,1949-07-01T00:00:00Z,1949,July,3
1949-8,1949-08-01T00:00:00Z,1949,Aug,4
1949-9,1949-09-01T00:00:00Z,1949,Sept,1
1949-10,1949-10-01T00:00:00Z,1949,Oct,2
1950-1,1950-01-01T00:00:00Z,1950,Jan,1
1950-6,1950-06-01T00:00:00Z,1950,June,12
1950-7,1950-07-01T00:00:00Z,1950,July,4
1950-8,1950-08-01T00:00:00Z,1950,Aug,2
1950-10,1950-10-01T00:00:00Z,1950,Oct,1
1950-12,1950-12-01T00:00:00Z,1950,Dec,1
1951-1,1951-01-01T00:00:00Z,1951,Jan,1
1951-2,1951-02-01T00:00:00Z,1951,Feb,2
1951-6,1951-06-01T00:00:00Z,1951,June,4
1951-7,1951-07-01T00:00:00Z,1951,July,5
1951-8,1951-08-01T00:00:00Z,1951,Aug,1
1952-2,1952-02-01T00:00:00Z,1952,Feb,1
1952-4,1952-04-01T00:00:00Z,1952,April,2
1952-5,1952-05-01T00:00:00Z,1952,May,1
1952-6,1952-06-01T00:00:00Z,1952,June,11
1952-7,1952-07-01T00:00:00Z,1952,July,14
1952-8,1952-08-01T00:00:00Z,1952,Aug,3
1952-9,1952-09-01T00:00:00Z,1952,Sept,2
1952-10,1952-10-01T00:00:00Z,1952,Oct,2
1952-12,1952-12-01T00:00:00Z,1952,Dec,1
1953-4,1953-04-01T00:00:00Z,1953,April,6
1953-6,1953-06-01T00:00:00Z,1953,June,7
1953-7,1953-07-01T00:00:00Z,1953,July,4
1953-8,1953-08-01T00:00:00Z,1953,Aug,4
1953-10,1953-10-01T00:00:00Z,1953,Oct,2
1953-11,1953-11-01T00:00:00Z,1953,Nov,3
1954-2,1954-02-01T00:00:00Z,1954,Feb,2
1954-5,1954-05-01T00:00:00Z,1954,May,2
1954-6,1954-06-01T00:00:00Z,1954,June,13
1954-7,1954-07-01T00:00:00Z,1954,July,7
1954-8,1954-08-01T00:00:00Z,1954,Aug,5
1954-9,1954-09-01T00:00:00Z,1954,Sept,2
1954-10,1954-10-01T00:00:00Z,1954,Oct,3
1954-11,1954-11-01T00:00:00Z,1954,Nov,2
1954-12,1954-12-01T00:00:00Z,1954,Dec,2
1955-2,1955-02-01T00:00:00Z,1955,Feb,1
1955-5,1955-05-01T00:00:00Z,1955,May,2
1955-6,1955-06-01T00:00:00Z,1955,June,13
1955-7,1955-07-01T00:00:00Z,1955,July,3
1955-8,1955-08-01T00:00:00Z,1955,Aug,4
1955-10,1955-10-01T00:00:00Z,1955,Oct,2
1956-1,1956-01-01T00:00:00Z,1956,Jan,1
1956-3,1956-03-01T00:00:00Z,1956,Mar,3
1956-5,1956-05-01T00:00:00Z,1956,May,2
1956-6,1956-06-01T00:00:00Z,1956,June,18
1956-7,1956-07-01T00:00:00Z,1956,July,5
1956-8,1956-08-01T00:00:00Z,1956,Aug,2
1956-9,1956-09-01T00:00:00Z,1956,Sept,4
1956-10,1956-10-01T00:00:00Z,1956,Oct,2
1956-11,1956-11-01T00:00:00Z,1956,Nov,1
1956-12,1956-12-01T00:00:00Z,1956,Dec,1
1957-1,1957-01-01T00:00:00Z,1957,Jan,1
1957-3,1957-03-01T00:00:00Z,1957,Mar,3
1957-5,1957-05-01T00:00:00Z,1957,May,2
1957-6,1957-06-01T00:00:00Z,1957,June,16
1957-7,1957-07-01T00:00:00Z,1957,July,13
1957-8,1957-08-01T00:00:00Z,1957,Aug,9
1957-9,1957-09-01T00:00:00Z,1957,Sept,8
1957-10,1957-10-01T00:00:00Z,1957,Oct,6
1957-11,1957-11-01T00:00:00Z,1957,Nov,2
1957-12,1957-12-01T00:00:00Z,1957,Dec,2
1958-1,1958-01-01T00:00:00Z,1958,Jan,1
1958-2,1958-02-01T00:00:00Z,1958,Feb,1
1958-4,1958-04-01T00:00:00Z,1958,April,2
1958-5,1958-05-01T00:00:00Z,1958,May,4
1958-6,1958-06-01T00:00:00Z,1958,June,17
1958-7,1958-07-01T00:00:00Z,1958,July,5
1958-8,1958-08-01T00:00:00Z,1958,Aug,4
1958-9,1958-09-01T00:00:00Z,1958,Sept,3
1958-10,1958-10-01T00:00:00Z,1958,Oct,3
1958-11,1958-11-01T00:00:00Z,1958,Nov,2
1959-1,1959-01-01T00:00:00Z,1959,Jan,1
1959-4,1959-04-01T00:00:00Z,1959,April,3
1959-5,1959-05-01T00:00:00Z,1959,May,4
1959-6,1959-06-01T00:00:00Z,1959,June,13
1959-7,1959-07-01T00:00:00Z,1959,July,7
1959-8,1959-08-01T00:00:00Z,1959,Aug,5
1959-9,1959-09-01T00:00:00Z,1959,Sept,3
1959-10,1959-10-01T00:00:00Z,1959,Oct,3
1959-11,1959-11-01T00:00:00Z,1959,Nov,2
1959-12,1959-12-01T00:00:00Z,1959,Dec,2
1960-1,1960-01-01T00:00:00Z,1960,Jan,1
1960-2,1960-02-01T00:00:00Z,1960,Feb,3
1960-3,1960-03-01T00:00:00Z,1960,Mar,1
1960-4,1960-04-01T00:00:00Z,1960,April,1
1960-5,1960-05-01T00:00:00Z,1960,May,2
1960-6,1960-06-01T00:00:00Z,1960,June,18
1960-7,1960-07-01T00:00:00Z,1960,July,5
1960-8,1960-08-01T00:00:00Z,1960,Aug,11
1960-9,1960-09-01T00:00:00Z,1960,Sept,5
1960-10,1960-10-01T00:00:00Z,1960,Oct,1
1960-11,1960-11-01T00:00:00Z,1960,Nov,3
1961-1,1961-01-01T00:00:00Z,1961,Jan,2
1961-2,1961-02-01T00:00:00Z,1961,Feb,2
1961-4,1961-04-01T00:00:00Z,1961,April,2
1961-5,1961-05-01T00:00:00Z,1961,May,1
1961-6,1961-06-01T00:00:00Z,1961,June,11
1961-7,1961-07-01T00:00:00Z,1961,July,6
1961-8,1961-08-01T00:00:00Z,1961,Aug,6
1961-9,1961-09-01T00:00:00Z,1961,Sept,2
1961-10,1961-10-01T00:00:00Z,1961,Oct,6
1961-11,1961-11-01T00:00:00Z,1961,Nov,2
1961-12,1961-12-01T00:00:00Z,1961,Dec,1
1962-1,1962-01-01T00:00:00Z,1962,Jan,1
1962-2,1962-02-01T00:00:00Z,1962,Feb,1
1962-3,1962-03-01T00:00:00Z,1962,Mar,5
1962-5,1962-05-01T00:00:00Z,1962,May,4
1962-6,1962-06-01T00:00:00Z,1962,June,15
1962-7,1962-07-01T00:00:00Z,1962,July,12
1962-8,1962-08-01T00:00:00Z,1962,Aug,9
1962-9,1962-09-01T00:00:00Z,1962,Sept,4
1962-10,1962-10-01T00:00:00Z,1962,Oct,1
1962-11,1962-11-01T00:00:00Z,1962,Nov,3
1962-12,1962-12-01T00:00:00Z,1962,Dec,1
1963-1,1963-01-01T00:00:00Z,1963,Jan,2
1963-2,1963-02-01T00:00:00Z,1963,Feb,1
1963-3,1963-03-01T00:00:00Z,1963,Mar,1
1963-4,1963-04-01T00:00:00Z,1963,April,4
1963-5,1963-05-01T00:00:00Z,1963,May,4
1963-6,1963-06-01T00:00:00Z,1963,June,24
1963-7,1963-07-01T00:00:00Z,1963,July,18
1963-8,1963-08-01T00:00:00Z,1963,Aug,9
1963-10,1963-10-01T00:00:00Z,1963,Oct,4
1963-12,1963-12-01T00:00:00Z,1963,Dec,1
1964-1,1964-01-01T00:00:00Z,1964,Jan,2
1964-3,1964-03-01T00:00:00Z,1964,Mar,3
1964-4,1964-04-01T00:00:00Z,1964,April,4
1964-5,1964-05-01T00:00:00Z,1964,May,6
1964-6,1964-06-01T00:00:00Z,1964,June,21
1964-7,1964-07-01T00:00:00Z,1964,July,14
1964-8,1964-08-01T00:00:00Z,1964,Aug,12
1964-9,1964-09-01T00:00:00Z,1964,Sept,8
1964-10,1964-10-01T00:00:00Z,1964,Oct,4
1964-11,1964-11-01T00:00:00Z,1964,Nov,4
1965-1,1965-01-01T00:00:00Z,1965,Jan,3
1965-2,1965-02-01T00:00:00Z,1965,Feb,2
1965-3,1965-03-01T00:00:00Z,1965,Mar,2
1965-4,1965-04-01T00:00:00Z,1965,April,5
1965-5,1965-05-01T00:00:00Z,1965,May,8
1965-6,1965-06-01T00:00:00Z,1965,June,41
1965-7,1965-07-01T00:00:00Z,1965,July,30
1965-8,1965-08-01T00:00:00Z,1965,Aug,28
1965-9,1965-09-01T00:00:00Z,1965,Sept,9
1965-10,1965-10-01T00:00:00Z,1965,Oct,14
1965-11,1965-11-01T00:00:00Z,1965,Nov,8
1965-12,1965-12-01T00:00:00Z,1965,Dec,14
1966-1,1966-01-01T00:00:00Z,1966,Jan,2
1966-2,1966-02-01T00:00:00Z,1966,Feb,3
1966-3,1966-03-01T00:00:00Z,1966,Mar,10
1966-4,1966-04-01T00:00:00Z,1966,April,7
1966-5,1966-05-01T00:00:00Z,1966,May,9
1966-6,1966-06-01T00:00:00Z,1966,June,50
1966-7,1966-07-01T00:00:00Z,1966,July,21
1966-8,1966-08-01T00:00:00Z,1966,Aug,17
1966-9,1966-09-01T00:00:00Z,1966,Sept,17
1966-10,1966-10-01T00:00:00Z,1966,Oct,14
1966-11,1966-11-01T00:00:00Z,1966,Nov,6
1966-12,1966-12-01T00:00:00Z,1966,Dec,4
1967-2,1967-02-01T00:00:00Z,1967,Feb,4
1967-3,1967-03-01T00:00:00Z,1967,Mar,6
1967-4,1967-04-01T00:00:00Z,1967,April,12
1967-5,1967-05-01T00:00:00Z,1967,May,9
1967-6,1967-06-01T00:00:00Z,1967,June,42
1967-7,1967-07-01T00:00:00Z,1967,July,12
1967-8,1967-08-01T00:00:00Z,1967,Aug,23
1967-9,1967-09-01T00:00:00Z,1967,Sept,18
1967-10,1967-10-01T00:00:00Z,1967,Oct,14
1967-11,1967-11-01T00:00:00Z,1967,Nov,4
1967-12,1967-12-01T00:00:00Z,1967,Dec,3
1968-1,1968-01-01T00:00:00Z,1968,Jan,10
1968-2,1968-02-01T00:00:00Z,1968,Feb,1
1968-3,1968-03-01T00:00:00Z,1968,Mar,2
1968-4,1968-04-01T00:00:00Z,1968,April,10
1968-5,1968-05-01T00:00:00Z,1968,May,11
1968-6,1968-06-01T00:00:00Z,1968,June,58
1968-7,1968-07-01T00:00:00Z,1968,July,31
1968-8,1968-08-01T00:00:00Z,1968,Aug,19
1968-9,1968-09-01T00:00:00Z,1968,Sept,10
1968-10,1968-10-01T00:00:00Z,1968,Oct,15
1968-11,1968-11-01T00:00:00Z,1968,Nov,4
1968-12,1968-12-01T00:00:00Z,1968,Dec,4
1969-1,1969-01-01T00:00:00Z,1969,Jan,4
1969-2,1969-02-01T00:00:00Z,1969,Feb,1
1969-3,1969-03-01T00:00:00Z,1969,Mar,5
1969-4,1969-04-01T00:00:00Z,1969,April,2
1969-5,1969-05-01T00:00:00Z,1969,May,6
1969-6,1969-06-01T00:00:00Z,1969,June,29
1969-7,1969-07-01T00:00:00Z,1969,July,29
1969-8,1969-08-01T00:00:00Z,1969,Aug,16
1969-9,1969-09-01T00:00:00Z,1969,Sept,4
1969-10,1969-10-01T00:00:00Z,1969,Oct,15
1969-11,1969-11-01T00:00:00Z,1969,Nov,5
1969-12,1969-12-01T00:00:00Z,1969,Dec,4
1970-1,1970-01-01T00:00:00Z,1970,Jan,7
1970-2,1970-02-01T00:00:00Z,1970,Feb,5
1970-3,1970-03-01T00:00:00Z,1970,Mar,3
1970-4,1970-04-01T00:00:00Z,1970,April,2
1970-5,1970-05-01T00:00:00Z,1970,May,10
1970-6,1970-06-01T00:00:00Z,1970,June,26
1970-7,1970-07-01T00:00:00Z,1970,July,18
1970-8,1970-08-01T00:00:00Z,1970,Aug,10
1970-9,1970-09-01T00:00:00Z,1970,Sept,9
1970-10,1970-10-01T00:00:00Z,1970,Oct,9
1970-11,1970-11-01T00:00:00Z,1970,Nov,5
1970-12,1970-12-01T00:00:00Z,1970,Dec,5
1971-1,1971-01-01T00:00:00Z,1971,Jan,1
1971-2,1971-02-01T00:00:00Z,1971,Feb,6
1971-3,1971-03-01T00:00:00Z,1971,Mar,1
1971-4,1971-04-01T00:00:00Z,1971,April,8
1971-5,1971-05-01T00:00:00Z,1971,May,6
1971-6,1971-06-01T00:00:00Z,1971,June,22
1971-7,1971-07-01T00:00:00Z,1971,July,17
1971-8,1971-08-01T00:00:00Z,1971,Aug,9
1971-9,1971-09-01T00:00:00Z,1971,Sept,13
1971-10,1971-10-01T00:00:00Z,1971,Oct,10
1971-11,1971-11-01T00:00:00Z,1971,Nov,3
1971-12,1971-12-01T00:00:00Z,1971,Dec,1
1972-1,1972-01-01T00:00:00Z,1972,Jan,4
1972-2,1972-02-01T00:00:00Z,1972,Feb,1
1972-3,1972-03-01T00:00:00Z,1972,Mar,8
1972-4,1972-04-01T00:00:00Z,1972,April,2
1972-5,1972-05-01T00:00:00Z,1972,May,4
1972-6,1972-06-01T00:00:00Z,1972,June,38
1972-7,1972-07-01T00:00:00Z,1972,July,20
1972-8,1972-08-01T00:00:00Z,1972,Aug,16
1972-9,1972-09-01T00:00:00Z,1972,Sept,10
1972-10,1972-10-01T00:00:00Z,1972,Oct,8
1972-11,1972-11-01T00:00:00Z,1972,Nov,5
1972-12,1972-12-01T00:00:00Z,1972,Dec,3
1973-1,1973-01-01T00:00:00Z,1973,Jan,4
1973-2,1973-02-01T00:00:00Z,1973,Feb,4
1973-3,1973-03-01T00:00:00Z,1973,Mar,8
1973-4,1973-04-01T00:00:00Z,1973,April,7
1973-5,1973-05-01T00:00:00Z,1973,May,11
1973-6,1973-06-01T00:00:00Z,1973,June,37
1973-7,1973-07-01T00:00:00Z,1973,July,32
1973-8,1973-08-01T00:00:00Z,1973,Aug,21
1973-9,1973-09-01T00:00:00Z,1973,Sept,19
1973-10,1973-10-01T00:00:00Z,1973,Oct,32
1973-11,1973-11-01T00:00:00Z,1973,Nov,9
1973-12,1973-12-01T00:00:00Z,1973,Dec,4
1974-1,1974-01-01T00:00:00Z,1974,Jan,8
1974-2,1974-02-01T00:00:00Z,1974,Feb,4
1974-3,1974-03-01T00:00:00Z,1974,Mar,4
1974-4,1974-04-01T00:00:00Z,1974,April,11
1974-5,1974-05-01T00:00:00Z,1974,May,14
1974-6,1974-06-01T00:00:00Z,1974,June,54
1974-7,1974-07-01T00:00:00Z,1974,July,38
1974-8,1974-08-01T00:00:00Z,1974,Aug,31
1974-9,1974-09-01T00:00:00Z,1974,Sept,15
1974-10,1974-10-01T00:00:00Z,1974,Oct,22
1974-11,1974-11-01T00:00:00Z,1974,Nov,14
1974-12,1974-12-01T00:00:00Z,1974,Dec,4
1975-1,1975-01-01T00:00:00Z,1975,Jan,11
1975-2,1975-02-01T00:00:00Z,1975,Feb,2
1975-3,1975-03-01T00:00:00Z,1975,Mar,7
1975-4,1975-04-01T00:00:00Z,1975,April,12
1975-5,1975-05-01T00:00:00Z,1975,May,11
1975-6,1975-06-01T00:00:00Z,1975,June,71
1975-7,1975-07-01T00:00:00Z,1975,July,37
1975-8,1975-08-01T00:00:00Z,1975,Aug,32
1975-9,1975-09-01T00:00:00Z,1975,Sept,15
1975-10,1975-10-01T00:00:00Z,1975,Oct,22
1975-11,1975-11-01T00:00:00Z,1975,Nov,16
1975-12,1975-12-01T00:00:00Z,1975,Dec,11
1976-1,1976-01-01T00:00:00Z,1976,Jan,3
1976-2,1976-02-01T00:00:00Z,1976,Feb,7
1976-3,1976-03-01T00:00:00Z,1976,Mar,4
1976-4,1976-04-01T00:00:00Z,1976,April,6
1976-5,1976-05-01T00:00:00Z,1976,May,13
1976-6,1976-06-01T00:00:00Z,1976,June,73
1976-7,1976-07-01T00:00:00Z,1976,July,42
1976-8,1976-08-01T00:00:00Z,1976,Aug,23
1976-9,1976-09-01T00:00:00Z,1976,Sept,20
1976-10,1976-10-01T00:00:00Z,1976,Oct,16
1976-11,1976-11-01T00:00:00Z,1976,Nov,10
1976-12,1976-12-01T00:00:00Z,1976,Dec,5
1977-1,1977-01-01T00:00:00Z,1977,Jan,9
1977-2,1977-02-01T00:00:00Z,1977,Feb,1
1977-3,1977-03-01T00:00:00Z,1977,Mar,11
1977-4,1977-04-01T00:00:00Z,1977,April,10
1977-5,1977-05-01T00:00:00Z,1977,May,19
1977-6,1977-06-01T00:00:00Z,1977,June,51
1977-7,1977-07-01T00:00:00Z,1977,July,37
1977-8,1977-08-01T00:00:00Z,1977,Aug,23
1977-9,1977-09-01T00:00:00Z,1977,Sept,16
1977-10,1977-10-01T00:00:00Z,1977,Oct,10
1977-11,1977-11-01T00:00:00Z,1977,Nov,13
1977-12,1977-12-01T00:00:00Z,1977,Dec,6
1978-1,1978-01-01T00:00:00Z,1978,Jan,11
1978-2,1978-02-01T00:00:00Z,1978,Feb,6
1978-3,1978-03-01T00:00:00Z,1978,Mar,10
1978-4,1978-04-01T00:00:00Z,1978,April,11
1978-5,1978-05-01T00:00:00Z,1978,May,10
1978-6,1978-06-01T00:00:00Z,1978,June,55
1978-7,1978-07-01T00:00:00Z,1978,July,57
1978-8,1978-08-01T00:00:00Z,1978,Aug,41
1978-9,1978-09-01T00:00:00Z,1978,Sept,16
1978-10,1978-10-01T00:00:00Z,1978,Oct,19
1978-11,1978-11-01T00:00:00Z,1978,Nov,12
1978-12,1978-12-01T00:00:00Z,1978,Dec,10
1979-1,1979-01-01T00:00:00Z,1979,Jan,6
1979-2,1979-02-01T00:00:00Z,1979,Feb,8
1979-3,1979-03-01T00:00:00Z,1979,Mar,10
1979-4,1979-04-01T00:00:00Z,1979,April,12
1979-5,1979-05-01T00:00:00Z,1979,May,10
1979-6,1979-06-01T00:00:00Z,1979,June,43
1979-7,1979-07-01T00:00:00Z,1979,July,31
1979-8,1979-08-01T00:00:00Z,1979,Aug,19
1979-9,1979-09-01T00:00:00Z,1979,Sept,20
1979-10,1979-10-01T00:00:00Z,1979,Oct,14
1979-11,1979-11-01T00:00:00Z,1979,Nov,11
1979-12,1979-12-01T00:00:00Z,1979,Dec,7
1980-1,1980-01-01T00:00:00Z,1980,Jan,10
1980-2,1980-02-01T00:00:00Z,1980,Feb,3
1980-3,1980-03-01T00:00:00Z,1980,Mar,11
1980-4,1980-04-01T00:00:00Z,1980,April,5
1980-5,1980-05-01T00:00:00Z,1980,May,20
1980-6,1980-06-01T00:00:00Z,1980,June,44
1980-7,1980-07-01T00:00:00Z,1980,July,32
1980-8,1980-08-01T00:00:00Z,1980,Aug,20
1980-9,1980-09-01T00:00:00Z,1980,Sept,14
1980-10,1980-10-01T00:00:00Z,1980,Oct,22
1980-11,1980-11-01T00:00:00Z,1980,Nov,5
1980-12,1980-12-01T00:00:00Z,1980,Dec,8
1981-1,1981-01-01T00:00:00Z,1981,Jan,9
1981-2,1981-02-01T00:00:00Z,1981,Feb,4
1981-3,1981-03-01T00:00:00Z,1981,Mar,5
1981-4,1981-04-01T00:00:00Z,1981,April,8
1981-5,1981-05-01T00:00:00Z,1981,May,6
1981-6,1981-06-01T00:00:00Z,1981,June,34
1981-7,1981-07-01T00:00:00Z,1981,July,15
1981-8,1981-08-01T00:00:00Z,1981,Aug,20
1981-9,1981-09-01T00:00:00Z,1981,Sept,14
1981-10,1981-10-01T00:00:00Z,1981,Oct,7
1981-11,1981-11-01T00:00:00Z,1981,Nov,8
1981-12,1981-12-01T00:00:00Z,1981,Dec,3
1982-1,1982-01-01T00:00:00Z,1982,Jan,1
1982-2,1982-02-01T00:00:00Z,1982,Feb,2
1982-4,1982-04-01T00:00:00Z,1982,April,1
1982-5,1982-05-01T00:00:00Z,1982,May,8
1982-6,1982-06-01T00:00:00Z,1982,June,45
1982-7,1982-07-01T00:00:00Z,1982,July,21
1982-8,1982-08-01T00:00:00Z,1982,Aug,15
1982-9,1982-09-01T00:00:00Z,1982,Sept,16
1982-10,1982-10-01T00:00:00Z,1982,Oct,13
1982-11,1982-11-01T00:00:00Z,1982,Nov,5
1982-12,1982-12-01T00:00:00Z,1982,Dec,7
1983-1,1983-01-01T00:00:00Z,1983,Jan,3
1983-2,1983-02-01T00:00:00Z,1983,Feb,3
1983-3,1983-03-01T00:00:00Z,1983,Mar,5
1983-4,1983-04-01T00:00:00Z,1983,April,12
1983-5,1983-05-01T00:00:00Z,1983,May,12
1983-6,1983-06-01T00:00:00Z,1983,June,28
1983-7,1983-07-01T00:00:00Z,1983,July,19
1983-8,1983-08-01T00:00:00Z,1983,Aug,16
1983-9,1983-09-01T00:00:00Z,1983,Sept,9
1983-10,1983-10-01T00:00:00Z,1983,Oct,6
1983-11,1983-11-01T00:00:00Z,1983,Nov,5
1983-12,1983-12-01T00:00:00Z,1983,Dec,4
1984-1,1984-01-01T00:00:00Z,1984,Jan,6
1984-2,1984-02-01T00:00:00Z,1984,Feb,1
1984-3,1984-03-01T00:00:00Z,1984,Mar,9
1984-4,1984-04-01T00:00:00Z,1984,April,6
1984-5,1984-05-01T00:00:00Z,1984,May,11
1984-6,1984-06-01T00:00:00Z,1984,June,38
1984-7,1984-07-01T00:00:00Z,1984,July,19
1984-8,1984-08-01T00:00:00Z,1984,Aug,16
1984-9,1984-09-01T00:00:00Z,1984,Sept,10
1984-10,1984-10-01T00:00:00Z,1984,Oct,16
1984-11,1984-11-01T00:00:00Z,1984,Nov,10
1984-12,1984-12-01T00:00:00Z,1984,Dec,2
1985-1,1985-01-01T00:00:00Z,1985,Jan,7
1985-2,1985-02-01T00:00:00Z,1985,Feb,4
1985-3,1985-03-01T00:00:00Z,1985,Mar,5
1985-4,1985-04-01T00:00:00Z,1985,April,10
1985-5,1985-05-01T00:00:00Z,1985,May,13
1985-6,1985-06-01T00:00:00Z,1985,June,44
1985-7,1985-07-01T00:00:00Z,1985,July,28
1985-8,1985-08-01T00:00:00Z,1985,Aug,18
1985-9,1985-09-01T00:00:00Z,1985,Sept,12
1985-10,1985-10-01T00:00:00Z,1985,Oct,17
1985-11,1985-11-01T00:00:00Z,1985,Nov,8
1985-12,1985-12-01T00:00:00Z,1985,Dec,5
1986-1,1986-01-01T00:00:00Z,1986,Jan,5
1986-2,1986-02-01T00:00:00Z,1986,Feb,5
1986-3,1986-03-01T00:00:00Z,1986,Mar,5
1986-4,1986-04-01T00:00:00Z,1986,April,9
1986-5,1986-05-01T00:00:00Z,1986,May,9
1986-6,1986-06-01T00:00:00Z,1986,June,35
1986-7,1986-07-01T00:00:00Z,1986,July,19
1986-8,1986-08-01T00:00:00Z,1986,Aug,21
1986-9,1986-09-01T00:00:00Z,1986,Sept,15
1986-10,1986-10-01T00:00:00Z,1986,Oct,16
1986-11,1986-11-01T00:00:00Z,1986,Nov,7
1986-12,1986-12-01T00:00:00Z,1986,Dec,7
1987-1,1987-01-01T00:00:00Z,1987,Jan,7
1987-2,1987-02-01T00:00:00Z,1987,Feb,3
1987-3,1987-03-01T00:00:00Z,1987,Mar,9
1987-4,1987-04-01T00:00:00Z,1987,April,12
1987-5,1987-05-01T00:00:00Z,1987,May,14
1987-6,1987-06-01T00:00:00Z,1987,June,31
1987-7,1987-07-01T00:00:00Z,1987,July,31
1987-8,1987-08-01T00:00:00Z,1987,Aug,19
1987-9,1987-09-01T00:00:00Z,1987,Sept,11
1987-10,1987-10-01T00:00:00Z,1987,Oct,21
1987-11,1987-11-01T00:00:00Z,1987,Nov,13
1987-12,1987-12-01T00:00:00Z,1987,Dec,5
1988-1,1988-01-01T00:00:00Z,1988,Jan,9
1988-2,1988-02-01T00:00:00Z,1988,Feb,5
1988-3,1988-03-01T00:00:00Z,1988,Mar,10
1988-4,1988-04-01T00:00:00Z,1988,April,7
1988-5,1988-05-01T00:00:00Z,1988,May,10
1988-6,1988-06-01T00:00:00Z,1988,June,36
1988-7,1988-07-01T00:00:00Z,1988,July,25
1988-8,1988-08-01T00:00:00Z,1988,Aug,35
1988-9,1988-09-01T00:00:00Z,1988,Sept,11
1988-10,1988-10-01T00:00:00Z,1988,Oct,22
1988-11,1988-11-01T00:00:00Z,1988,Nov,13
1988-12,1988-12-01T00:00:00Z,1988,Dec,5
1989-1,1989-01-01T00:00:00Z,1989,Jan,10
1989-2,1989-02-01T00:00:00Z,1989,Feb,6
1989-3,1989-03-01T00:00:00Z,1989,Mar,8
1989-4,1989-04-01T00:00:00Z,1989,April,6
1989-5,1989-05-01T00:00:00Z,1989,May,16
1989-6,1989-06-01T00:00:00Z,1989,June,38
1989-7,1989-07-01T00:00:00Z,1989,July,26
1989-8,1989-08-01T00:00:00Z,1989,Aug,19
1989-9,1989-09-01T00:00:00Z,1989,Sept,13
1989-10,1989-10-01T00:00:00Z,1989,Oct,29
1989-11,1989-11-01T00:00:00Z,1989,Nov,14
1989-12,1989-12-01T00:00:00Z,1989,Dec,15
1990-1,1990-01-01T00:00:00Z,1990,Jan,9
1990-2,1990-02-01T00:00:00Z,1990,Feb,13
1990-3,1990-03-01T00:00:00Z,1990,Mar,6
1990-4,1990-04-01T00:00:00Z,1990,April,5
1990-5,1990-05-01T00:00:00Z,1990,May,10
1990-6,1990-06-01T00:00:00Z,1990,June,33
1990-7,1990-07-01T00:00:00Z,1990,July,33
1990-8,1990-08-01T00:00:00Z,1990,Aug,23
1990-9,1990-09-01T00:00:00Z,1990,Sept,16
1990-10,1990-10-01T00:00:00Z,1990,Oct,21
1990-11,1990-11-01T00:00:00Z,1990,Nov,14
1990-12,1990-12-01T00:00:00Z,1990,Dec,8
1991-1,1991-01-01T00:00:00Z,1991,Jan,5
1991-2,1991-02-01T00:00:00Z,1991,Feb,4
1991-3,1991-03-01T00:00:00Z,1991,Mar,9
1991-4,1991-04-01T00:00:00Z,1991,April,10
1991-5,1991-05-01T00:00:00Z,1991,May,17
1991-6,1991-06-01T00:00:00Z,1991,June,34
1991-7,1991-07-01T00:00:00Z,1991,July,27
1991-8,1991-08-01T00:00:00Z,1991,Aug,22
1991-9,1991-09-01T00:00:00Z,1991,Sept,18
1991-10,1991-10-01T00:00:00Z,1991,Oct,13
1991-11,1991-11-01T00:00:00Z,1991,Nov,13
1991-12,1991-12-01T00:00:00Z,1991,Dec,8
1992-1,1992-01-01T00:00:00Z,1992,Jan,3
1992-2,1992-02-01T00:00:00Z,1992,Feb,6
1992-3,1992-03-01T00:00:00Z,1992,Mar,3
1992-4,1992-04-01T00:00:00Z,1992,April,17
1992-5,1992-05-01T00:00:00Z,1992,May,14
1992-6,1992-06-01T00:00:00Z,1992,June,40
1992-7,1992-07-01T00:00:00Z,1992,July,25
1992-8,1992-08-01T00:00:00Z,1992,Aug,24
1992-9,1992-09-01T00:00:00Z,1992,Sept,13
1992-10,1992-10-01T00:00:00Z,1992,Oct,22
1992-11,1992-11-01T00:00:00Z,1992,Nov,9
1992-12,1992-12-01T00:00:00Z,1992,Dec,7
1993-1,1993-01-01T00:00:00Z,1993,Jan,8
1993-2,1993-02-01T00:00:00Z,1993,Feb,9
1993-3,1993-03-01T00:00:00Z,1993,Mar,10
1993-4,1993-04-01T00:00:00Z,1993,April,11
1993-5,1993-05-01T00:00:00Z,1993,May,20
1993-6,1993-06-01T00:00:00Z,1993,June,53
1993-7,1993-07-01T00:00:00Z,1993,July,28
1993-8,1993-08-01T00:00:00Z,1993,Aug,32
1993-9,1993-09-01T00:00:00Z,1993,Sept,16
1993-10,1993-10-01T00:00:00Z,1993,Oct,15
1993-11,1993-11-01T00:00:00Z,1993,Nov,13
1993-12,1993-12-01T00:00:00Z,1993,Dec,13
1994-1,1994-01-01T00:00:00Z,1994,Jan,13
1994-2,1994-02-01T00:00:00Z,1994,Feb,3
1994-3,1994-03-01T00:00:00Z,1994,Mar,17
1994-4,1994-04-01T00:00:00Z,1994,April,20
1994-5,1994-05-01T00:00:00Z,1994,May,22
1994-6,1994-06-01T00:00:00Z,1994,June,54
1994-7,1994-07-01T00:00:00Z,1994,July,36
1994-8,1994-08-01T00:00:00Z,1994,Aug,39
1994-9,1994-09-01T00:00:00Z,1994,Sept,25
1994-10,1994-10-01T00:00:00Z,1994,Oct,45
1994-11,1994-11-01T00:00:00Z,1994,Nov,23
1994-12,1994-12-01T00:00:00Z,1994,Dec,27
1995-1,1995-01-01T00:00:00Z,1995,Jan,63
1995-2,1995-02-01T00:00:00Z,1995,Feb,52
1995-3,1995-03-01T00:00:00Z,1995,Mar,72
1995-4,1995-04-01T00:00:00Z,1995,April,54
1995-5,1995-05-01T00:00:00Z,1995,May,67
1995-6,1995-06-01T00:00:00Z,1995,June,114
1995-7,1995-07-01T00:00:00Z,1995,July,97
1995-8,1995-08-01T00:00:00Z,1995,Aug,121
1995-9,1995-09-01T00:00:00Z,1995,Sept,80
1995-10,1995-10-01T00:00:00Z,1995,Oct,72
1995-11,1995-11-01T00:00:00Z,1995,Nov,85
1995-12,1995-12-01T00:00:00Z,1995,Dec,38
1996-1,1996-01-01T00:00:00Z,1996,Jan,35
1996-2,1996-02-01T00:00:00Z,1996,Feb,43
1996-3,1996-03-01T00:00:00Z,1996,Mar,46
1996-4,1996-04-01T00:00:00Z,1996,April,68
1996-5,1996-05-01T00:00:00Z,1996,May,58
1996-6,1996-06-01T00:00:00Z,1996,June,86
1996-7,1996-07-01T00:00:00Z,1996,July,53
1996-8,1996-08-01T00:00:00Z,1996,Aug,53
1996-9,1996-09-01T00:00:00Z,1996,Sept,37
1996-10,1996-10-01T00:00:00Z,1996,Oct,44
1996-11,1996-11-01T00:00:00Z,1996,Nov,64
1996-12,1996-12-01T00:00:00Z,1996,Dec,59
1997-1,1997-01-01T00:00:00Z,1997,Jan,34
1997-2,1997-02-01T00:00:00Z,1997,Feb,35
1997-3,1997-03-01T00:00:00Z,1997,Mar,144
1997-4,1997-04-01T00:00:00Z,1997,April,68
1997-5,1997-05-01T00:00:00Z,1997,May,79
1997-6,1997-06-01T00:00:00Z,1997,June,126
1997-7,1997-07-01T00:00:00Z,1997,July,159
1997-8,1997-08-01T00:00:00Z,1997,Aug,85
1997-9,1997-09-01T00:00:00Z,1997,Sept,39
1997-10,1997-10-01T00:00:00Z,1997,Oct,86
1997-11,1997-11-01T00:00:00Z,1997,Nov,96
1997-12,1997-12-01T00:00:00Z,1997,Dec,58
1998-1,1998-01-01T00:00:00Z,1998,Jan,60
1998-2,1998-02-01T00:00:00Z,1998,Feb,61
1998-3,1998-03-01T00:00:00Z,1998,Mar,107
1998-4,1998-04-01T00:00:00Z,1998,April,93
1998-5,1998-05-01T00:00:00Z,1998,May,80
1998-6,1998-06-01T00:00:00Z,1998,June,135
1998-7,1998-07-01T00:00:00Z,1998,July,117
1998-8,1998-08-01T00:00:00Z,1998,Aug,119
1998-9,1998-09-01T00:00:00Z,1998,Sept,172
1998-10,1998-10-01T00:00:00Z,1998,Oct,167
1998-11,1998-11-01T00:00:00Z,1998,Nov,161
1998-12,1998-12-01T00:00:00Z,1998,Dec,132
1999-1,1999-01-01T00:00:00Z,1999,Jan,102
1999-2,1999-02-01T00:00:00Z,1999,Feb,126
1999-3,1999-03-01T00:00:00Z,1999,Mar,122
1999-4,1999-04-01T00:00:00Z,1999,April,111
1999-5,1999-05-01T00:00:00Z,1999,May,137
1999-6,1999-06-01T00:00:00Z,1999,June,191
1999-7,1999-07-01T00:00:00Z,1999,July,212
1999-8,1999-08-01T00:00:00Z,1999,Aug,221
1999-9,1999-09-01T00:00:00Z,1999,Sept,290
1999-10,1999-10-01T00:00:00Z,1999,Oct,250
1999-11,1999-11-01T00:00:00Z,1999,Nov,344
1999-12,1999-12-01T00:00:00Z,1999,Dec,147
2000-1,2000-01-01T00:00:00Z,2000,Jan,165
2000-2,2000-02-01T00:00:00Z,2000,Feb,149
2000-3,2000-03-01T00:00:00Z,2000,Mar,172
2000-4,2000-04-01T00:00:00Z,2000,April,142
2000-5,2000-05-01T00:00:00Z,2000,May,128
2000-6,2000-06-01T00:00:00Z,2000,June,183
2000-7,2000-07-01T00:00:00Z,2000,July,260
2000-8,2000-08-01T00:00:00Z,2000,Aug,203
2000-9,2000-09-01T00:00:00Z,2000,Sept,221
2000-10,2000-10-01T00:00:00Z,2000,Oct,228
2000-11,2000-11-01T00:00:00Z,2000,Nov,178
2000-12,2000-12-01T00:00:00Z,2000,Dec,155
2001-1,2001-01-01T00:00:00Z,2001,Jan,181
2001-2,2001-02-01T00:00:00Z,2001,Feb,167
2001-3,2001-03-01T00:00:00Z,2001,Mar,212
2001-4,2001-04-01T00:00:00Z,2001,April,157
2001-5,2001-05-01T00:00:00Z,2001,May,167
2001-6,2001-06-01T00:00:00Z,2001,June,214
2001-7,2001-07-01T00:00:00Z,2001,July,272
2001-8,2001-08-01T00:00:00Z,2001,Aug,276
2001-9,2001-09-01T00:00:00Z,2001,Sept,257
2001-10,2001-10-01T00:00:00Z,2001,Oct,186
2001-11,2001-11-01T00:00:00Z,2001,Nov,205
2001-12,2001-12-01T00:00:00Z,2001,Dec,151
2002-1,2002-01-01T00:00:00Z,2002,Jan,162
2002-2,2002-02-01T00:00:00Z,2002,Feb,182
2002-3,2002-03-01T00:00:00Z,2002,Mar,139
2002-4,2002-04-01T00:00:00Z,2002,April,131
2002-5,2002-05-01T00:00:00Z,2002,May,169
2002-6,2002-06-01T00:00:00Z,2002,June,228
2002-7,2002-07-01T00:00:00Z,2002,July,262
2002-8,2002-08-01T00:00:00Z,2002,Aug,307
2002-9,2002-09-01T00:00:00Z,2002,Sept,254
2002-10,2002-10-01T00:00:00Z,2002,Oct,222
2002-11,2002-11-01T00:00:00Z,2002,Nov,218
2002-12,2002-12-01T00:00:00Z,2002,Dec,165
2003-1,2003-01-01T00:00:00Z,2003,Jan,216
2003-2,2003-02-01T00:00:00Z,2003,Feb,167
2003-3,2003-03-01T00:00:00Z,2003,Mar,111
2003-4,2003-04-01T00:00:00Z,2003,April,143
2003-5,2003-05-01T00:00:00Z,2003,May,146
2003-6,2003-06-01T00:00:00Z,2003,June,206
2003-7,2003-07-01T00:00:00Z,2003,July,282
2003-8,2003-08-01T00:00:00Z,2003,Aug,348
2003-9,2003-09-01T00:00:00Z,2003,Sept,370
2003-10,2003-10-01T00:00:00Z,2003,Oct,347
2003-11,2003-11-01T00:00:00Z,2003,Nov,354
2003-12,2003-12-01T00:00:00Z,2003,Dec,268
2004-1,2004-01-01T00:00:00Z,2004,Jan,195
2004-2,2004-02-01T00:00:00Z,2004,Feb,204
2004-3,2004-03-01T00:00:00Z,2004,Mar,276
2004-4,2004-04-01T00:00:00Z,2004,April,247
2004-5,2004-05-01T00:00:00Z,2004,May,270
2004-6,2004-06-01T00:00:00Z,2004,June,280
2004-7,2004-07-01T00:00:00Z,2004,July,302
2004-8,2004-08-01T00:00:00Z,2004,Aug,393
2004-9,2004-09-01T00:00:00Z,2004,Sept,292
2004-10,2004-10-01T00:00:00Z,2004,Oct,343
2004-11,2004-11-01T00:00:00Z,2004,Nov,221
2004-12,2004-12-01T00:00:00Z,2004,Dec,221
2005-1,2005-01-01T00:00:00Z,2005,Jan,188
2005-2,2005-02-01T00:00:00Z,2005,Feb,208
2005-3,2005-03-01T00:00:00Z,2005,Mar,244
2005-4,2005-04-01T00:00:00Z,2005,April,230
2005-5,2005-05-01T00:00:00Z,2005,May,204
2005-6,2005-06-01T00:00:00Z,2005,June,284
2005-7,2005-07-01T00:00:00Z,2005,July,318
2005-8,2005-08-01T00:00:00Z,2005,Aug,245
2005-9,2005-09-01T00:00:00Z,2005,Sept,396
2005-10,2005-10-01T00:00:00Z,2005,Oct,385
2005-11,2005-11-01T00:00:00Z,2005,Nov,338
2005-12,2005-12-01T00:00:00Z,2005,Dec,188
2006-1,2006-01-01T00:00:00Z,2006,Jan,157
2006-2,2006-02-01T00:00:00Z,2006,Feb,169
2006-3,2006-03-01T00:00:00Z,2006,Mar,224
2006-4,2006-04-01T00:00:00Z,2006,April,228
2006-5,2006-05-01T00:00:00Z,2006,May,203
2006-6,2006-06-01T00:00:00Z,2006,June,219
2006-7,2006-07-01T00:00:00Z,2006,July,268
2006-8,2006-08-01T00:00:00Z,2006,Aug,300
2006-9,2006-09-01T00:00:00Z,2006,Sept,217
2006-10,2006-10-01T00:00:00Z,2006,Oct,310
2006-11,2006-11-01T00:00:00Z,2006,Nov,311
2006-12,2006-12-01T00:00:00Z,2006,Dec,278
2007-1,2007-01-01T00:00:00Z,2007,Jan,331
2007-2,2007-02-01T00:00:00Z,2007,Feb,195
2007-3,2007-03-01T00:00:00Z,2007,Mar,268
2007-4,2007-04-01T00:00:00Z,2007,April,225
2007-5,2007-05-01T00:00:00Z,2007,May,219
2007-6,2007-06-01T00:00:00Z,2007,June,312
2007-7,2007-07-01T00:00:00Z,2007,July,354
2007-8,2007-08-01T00:00:00Z,2007,Aug,341
2007-9,2007-09-01T00:00:00Z,2007,Sept,336
2007-10,2007-10-01T00:00:00Z,2007,Oct,327
2007-11,2007-11-01T00:00:00Z,2007,Nov,295
2007-12,2007-12-01T00:00:00Z,2007,Dec,267
2008-1,2008-01-01T00:00:00Z,2008,Jan,362
2008-2,2008-02-01T00:00:00Z,2008,Feb,287
2008-3,2008-03-01T00:00:00Z,2008,Mar,269
2008-4,2008-04-01T00:00:00Z,2008,April,356
2008-5,2008-05-01T00:00:00Z,2008,May,247
2008-6,2008-06-01T00:00:00Z,2008,June,376
2008-7,2008-07-01T00:00:00Z,2008,July,421
2008-8,2008-08-01T00:00:00Z,2008,Aug,385
2008-9,2008-09-01T00:00:00Z,2008,Sept,289
2008-10,2008-10-01T00:00:00Z,2008,Oct,421
2008-11,2008-11-01T00:00:00Z,2008,Nov,354
2008-12,2008-12-01T00:00:00Z,2008,Dec,250
2009-1,2009-01-01T00:00:00Z,2009,Jan,373
2009-2,2009-02-01T00:00:00Z,2009,Feb,295
2009-3,2009-03-01T00:00:00Z,2009,Mar,254
2009-4,2009-04-01T00:00:00Z,2009,April,234
2009-5,2009-05-01T00:00:00Z,2009,May,257
2009-6,2009-06-01T00:00:00Z,2009,June,293
2009-7,2009-07-01T00:00:00Z,2009,July,448
2009-8,2009-08-01T00:00:00Z,2009,Aug,362
2009-9,2009-09-01T00:00:00Z,2009,Sept,474
2009-10,2009-10-01T00:00:00Z,2009,Oct,246
2009-11,2009-11-01T00:00:00Z,2009,Nov,235
2009-12,2009-12-01T00:00:00Z,2009,Dec,206
2010-1,2010-01-01T00:00:00Z,2010,Jan,194
2010-2,2010-02-01T00:00:00Z,2010,Feb,133
2010-3,2010-03-01T00:00:00Z,2010,Mar,199
2010-4,2010-04-01T00:00:00Z,2010,April,213
2010-5,2010-05-01T00:00:00Z,2010,May,251
2010-6,2010-06-01T00:00:00Z,2010,June,264
2010-7,2010-07-01T00:00:00Z,2010,July,675
2010-8,2010-08-01T00:00:00Z,2010,Aug,394
2010-9,2010-09-01T00:00:00Z,2010,Sept,350
2010-10,2010-10-01T00:00:00Z,2010,Oct,379
2010-11,2010-11-01T00:00:00Z,2010,Nov,274
2010-12,2010-12-01T00:00:00Z,2010,Dec,222
2011-1,2011-01-01T00:00:00Z,2011,Jan,250
2011-2,2011-02-01T00:00:00Z,2011,Feb,219
2011-3,2011-03-01T00:00:00Z,2011,Mar,254
2011-4,2011-04-01T00:00:00Z,2011,April,245
2011-5,2011-05-01T00:00:00Z,2011,May,238
2011-6,2011-06-01T00:00:00Z,2011,June,316
2011-7,2011-07-01T00:00:00Z,2011,July,622
2011-8,2011-08-01T00:00:00Z,2011,Aug,507
2011-9,2011-09-01T00:00:00Z,2011,Sept,441
2011-10,2011-10-01T00:00:00Z,2011,Oct,511
2011-11,2011-11-01T00:00:00Z,2011,Nov,355
2011-12,2011-12-01T00:00:00Z,2011,Dec,421
2012-1,2012-01-01T00:00:00Z,2012,Jan,446
2012-2,2012-02-01T00:00:00Z,2012,Feb,309
2012-3,2012-03-01T00:00:00Z,2012,Mar,428
2012-4,2012-04-01T00:00:00Z,2012,April,406
2012-5,2012-05-01T00:00:00Z,2012,May,393
2012-6,2012-06-01T00:00:00Z,2012,June,601
2012-7,2012-07-01T00:00:00Z,2012,July,758
2012-8,2012-08-01T00:00:00Z,2012,Aug,693
2012-9,2012-09-01T00:00:00Z,2012,Sept,579
2012-10,2012-10-01T00:00:00Z,2012,Oct,530
2012-11,2012-11-01T00:00:00Z,2012,Nov,634
2012-12,2012-12-01T00:00:00Z,2012,Dec,543
2013-1,2013-01-01T00:00:00Z,2013,Jan,298
2013-2,2013-02-01T00:00:00Z,2013,Feb,232
2013-3,2013-03-01T00:00:00Z,2013,Mar,317
2013-4,2013-04-01T00:00:00Z,2013,April,328
2013-5,2013-05-01T00:00:00Z,2013,May,432
2013-6,2013-06-01T00:00:00Z,2013,June,487
2013-7,2013-07-01T00:00:00Z,2013,July,775
2013-8,2013-08-01T00:00:00Z,2013,Aug,707
2013-9,2013-09-01T00:00:00Z,2013,Sept,619
2013-10,2013-10-01T00:00:00Z,2013,Oct,611
2013-11,2013-11-01T00:00:00Z,2013,Nov,634
2013-12,2013-12-01T00:00:00Z,2013,Dec,616
